cliente_id,nombre,email
2,'Cliente 2','cliente2@example.com'
4,'Cliente 4','cliente4@example.com'
6,'Cliente 6','cliente6@example.com'
8,'Cliente 8','cliente8@example.com'
10,'Cliente 10','cliente10@example.com'
1,'Cliente 1','cliente1@example.com'
3,'Cliente 3','cliente3@example.com'
5,'Cliente 5','cliente5@example.com'
7,'Cliente 7','cliente7@example.com'
9,'Cliente 9','cliente9@example.com'
